"0","fullDataAverage <- rbind(tableCod, tableHaddock, tableSaithAll)"
"0","for (i in 2:ncol(fullDataAverage)){"
"0","  fullDataAverage[,i] <- as.numeric(as.character(fullDataAverage[,i]))"
"0","}"
"0","cbPalette <- c(""#999999"", ""#E69F00"", ""#56B4E9"", ""#009E73"", ""#F0E442"", ""#0072B2"", ""#D55E00"", ""#CC79A7"")"
"0","ggplot(fullDataAverage, aes(x = year, y = meanN)) +"
"0","  geom_point(color = cbPalette[1]) +"
"0","  facet_wrap( ~ species, nrow=3)+ "
"0","  geom_smooth(data=subset(fullDataAverage, year <= 1980), colour=""black"", size=0.5) + "
"0","  geom_smooth(data=subset(fullDataAverage, year > 1980), colour=""black"", size=0.5) +"
"0","  geom_errorbar(width=.1, aes(ymin=meanN-sdN, ymax=meanN+sdN))"
