[{"name":"htmlwidgets","version":"1.1","src":{"file":"\/home\/cha\/R\/x86_64-pc-linux-gnu-library\/3.4\/htmlwidgets\/www"},"meta":null,"script":"htmlwidgets.js","stylesheet":null,"head":null,"attachment":null,"package":null,"all_files":true},{"name":"jquery","version":"1.12.4","src":{"file":"\/home\/cha\/R\/x86_64-pc-linux-gnu-library\/3.4\/DT\/htmlwidgets\/lib\/jquery"},"meta":null,"script":"jquery.min.js","stylesheet":null,"head":null,"attachment":null,"package":null,"all_files":true},{"name":"datatables-css","version":"0.0.0","src":{"file":"\/home\/cha\/R\/x86_64-pc-linux-gnu-library\/3.4\/DT\/htmlwidgets\/css"},"meta":null,"script":null,"stylesheet":"datatables-crosstalk.css","head":null,"attachment":null,"package":null,"all_files":true},{"name":"datatables-binding","version":"0.4","src":{"file":"\/home\/cha\/R\/x86_64-pc-linux-gnu-library\/3.4\/DT\/htmlwidgets"},"meta":null,"script":"datatables.js","stylesheet":null,"head":null,"attachment":null,"package":null,"all_files":false},{"name":"dt-core","version":"1.10.16","src":{"file":"\/home\/cha\/R\/x86_64-pc-linux-gnu-library\/3.4\/DT\/htmlwidgets\/lib\/datatables"},"meta":null,"script":"js\/jquery.dataTables.min.js","stylesheet":["css\/jquery.dataTables.min.css","css\/jquery.dataTables.extra.css"],"head":null,"attachment":null,"package":null,"all_files":false},{"name":"jquery","version":"1.11.3","src":{"file":"\/home\/cha\/R\/x86_64-pc-linux-gnu-library\/3.4\/crosstalk\/lib\/jquery"},"meta":null,"script":"jquery.min.js","stylesheet":null,"head":null,"attachment":null,"package":null,"all_files":true},{"name":"crosstalk","version":"1.0.0","src":{"file":"\/home\/cha\/R\/x86_64-pc-linux-gnu-library\/3.4\/crosstalk\/www"},"meta":null,"script":"js\/crosstalk.min.js","stylesheet":"css\/crosstalk.css","head":null,"attachment":null,"package":null,"all_files":true}]
