"0","dataSaith <- dataCharlotte[which(dataCharlotte$Species == ""Saithe""),]"
"0","## general table (mean, sd)"
"0","  listSaith <- split(dataSaith, dataSaith$Year)"
"0","  "
"0","  tableSaith <- matrix(ncol = 10)"
"0","  "
"0","  for (i in 1: length(listSaith)) {"
"0","    "
"0","    tempData <- listSaith[[i]]"
"0","    "
"0","    nbOtolith <- nrow(tempData)"
"0","    minC <- min(tempData$d13C_SOM, na.rm = T)"
"0","    maxC <- max(tempData$d13C_SOM, na.rm = T)"
"0","    "
"0","    minN <- min(tempData$d15N_SOM, na.rm = T)"
"0","    maxN <- max(tempData$d15N_SOM, na.rm = T)"
"0","    "
"0","    meanC <- mean(tempData$d13C_SOM, na.rm = T)"
"0","    meanN <- mean(tempData$d15N_SOM, na.rm = T)"
"0","    "
"0","    sdC <- sd(tempData$d13C_SOM, na.rm = T)"
"0","    sdN <- sd(tempData$d15N_SOM, na.rm = T)"
"0","    "
"0","    toAdd <- c(names(listSaith)[i], nbOtolith, minC, maxC, meanC, sdC, minN, maxN, meanN, sdN)"
"0","    "
"0","    tableSaith <- rbind(tableSaith, toAdd)"
"0","  }"
"0","  "
"0","  tableSaith <- tableSaith[-1,]"
"0","  "
"0","  tableSaith <- sapply(1: ncol(tableSaith), function(x) {"
"0","    as.numeric(as.character(tableSaith[,x]))"
"0","  })"
"0","  "
"0","  rownames(tableSaith) <- 1:nrow(tableSaith)"
"0","  "
"0","  species <- ""Saithe"""
"0","tableSaith <- cbind(species, tableSaith)"
"0","  "
"0","colnames(tableSaith) <- c(""species"", ""year"", ""nbOtolith"", ""minC"", ""maxC"", ""meanC"", ""sdC"", ""minN"", ""maxN"", ""meanN"", ""sdN"")"
"0","  "
"0","  tableSaith <- as.data.frame(tableSaith)"
"0","  DT::datatable(tableSaith)"
