"0","dataHaddock <- dataCharlotte[which(dataCharlotte$Species == ""Haddock""),]"
"0","  "
"0","## general table (mean, sd)"
"0","listHaddock <- split(dataHaddock, dataHaddock$Year)"
"0","  "
"0","tableHaddock <- matrix(ncol = 10)"
"0","  "
"0","for (i in 1: length(listHaddock)) {"
"0","    "
"0","  tempData <- listHaddock[[i]]"
"0","    "
"0","  nbOtolith <- nrow(tempData)"
"0","  minC <- min(tempData$d13C_SOM, na.rm = T)"
"0","  maxC <- max(tempData$d13C_SOM, na.rm = T)"
"0","  "
"0","  minN <- min(tempData$d15N_SOM, na.rm = T)"
"0","  maxN <- max(tempData$d15N_SOM, na.rm = T)"
"0","  "
"0","  meanC <- mean(tempData$d13C_SOM, na.rm = T)"
"0","  meanN <- mean(tempData$d15N_SOM, na.rm = T)"
"0","    "
"0","  sdC <- sd(tempData$d13C_SOM, na.rm = T)"
"0","  sdN <- sd(tempData$d15N_SOM, na.rm = T)"
"0","    "
"0","  toAdd <- c(names(listHaddock)[i], nbOtolith, minC, maxC, meanC, sdC, minN, maxN, meanN, sdN)"
"0","  "
"0","  tableHaddock <- rbind(tableHaddock, toAdd)"
"0","}"
"0","  "
"0","tableHaddock <- tableHaddock[-1,]"
"0","  "
"0","tableHaddock <- sapply(1: ncol(tableHaddock), function(x) {"
"0","  as.numeric(as.character(tableHaddock[,x]))"
"0","})"
"0","  "
"0","rownames(tableHaddock) <- 1:nrow(tableHaddock)"
"0","species <- ""Haddock"""
"0","tableHaddock <- cbind(species, tableHaddock)"
"0","  "
"0","colnames(tableHaddock) <- c(""species"", ""year"", ""nbOtolith"", ""minC"", ""maxC"", ""meanC"", ""sdC"", ""minN"", ""maxN"", ""meanN"", ""sdN"")"
"0","tableHaddock <- as.data.frame(tableHaddock)  "
"0","DT::datatable(tableHaddock)"
