"0","# library or function to source"
"0","# install.packages('digitize') #download the digitize package"
"0","library(digitize) #load the digitize package into the workspace"
"0","boxplot.with.outlier.label <- function(y, label_name, ..., spread_text = T, data, plot = T, range = 1.5, label.col = ""blue"", push_text_right = 1.3, # enlarge push_text_right in order to push the text labels further from their point"
"0","                                       segement_width_as_percent_of_label_dist = .45, # Change this if you want to have the line closer to the label (range should be between 0 to 1"
"0","                                       jitter_if_duplicate = T, jitter_only_positive_duplicates = F)"
"0","{	"
"0","  # notes - this functions doesn't work if there are any missing values in the data."
"0","  #		You must pre-process the data to make sure it is ""complete""."
"0","  "
"0","  "
"0","  # change log:"
"0","  # 19.04.2011 - added support to ""names"" and ""at"" parameters."
"0","  "
"0","  "
"0","  # jitter_if_duplicate - will jitter (Actually just add a bit of numbers) so to be able to decide on which location to plot the label when having identical variables..."
"0","  require(plyr) # for is.formula and ddply"
"0","  "
"0","  # a function to jitter data in case of ties in Y's"
"0","  jitter.duplicate <- function(x, only_positive = F)"
"0","  {"
"0","    if(only_positive) {"
"0","      ss <- x > 0"
"0","    } else {"
"0","      ss <- T"
"0","    }	"
"0","    ss_dup <- duplicated(x[ss])"
"0","    # ss <- ss & ss_dup"
"0","    temp_length <- length(x[ss][ss_dup])	"
"0","    x[ss][ss_dup] <- x[ss][ss_dup] + seq(from = 0.00001, to = 0.00002, length.out = temp_length)"
"0","    x"
"0","  }"
"0","  # jitter.duplicate(c(1:5))"
"0","  # jitter.duplicate(c(1:5,5,2))"
"0","  # duplicated(jitter.duplicate(c(1:5,5,2)))"
"0","  # jitter.duplicate(c(0,0,1:5,5,2))"
"0","  # duplicated(jitter.duplicate(c(0,0,1:5,5,2)))"
"0","  "
"0","  "
"0","  "
"0","  # handle cases where "
"0","  if(jitter_if_duplicate) {"
"0","    # warning(""duplicate jutter of values in y is ON"")"
"0","    if(!missing(data)) {	#e.g: we DO have data"
"0","      # if(exists(""y"") && is.formula(y)) {		# F && NULL # F & NULL"
"0","      y_name <- as.character(substitute(y))	# I could have also used as.list(match.call())"
"0","      # credit to Uwe Ligges and Marc Schwartz for the help"
"0","      # https://mail.google.com/mail/?shva=1#inbox/12dd7ca2f9bfbc39"
"0","      if(length(y_name) > 1) {	# then it is a formula (for example: ""~"", ""y"", ""x"""
"0","        model_frame_y <- model.frame(y, data = data)"
"0","        temp_y <- model_frame_y[,1]"
"0","        temp_y  <- jitter.duplicate(temp_y, jitter_only_positive_duplicates)	# notice that the default of the function is to work only with positive values..."
"0","        # the_txt <- paste(names(model_frame_y)[1], ""temp_y"", sep = ""<<-"") # wrong..."
"0","        the_txt <- paste(""data['"",names(model_frame_y)[1],""'] <- temp_y"", sep = """")				"
"0","        eval(parse(text = the_txt))	# jutter out y var so to be able to handle identical values."
"0","      } else {	# this isn't a formula"
"0","        data[,y_name] <- jitter.duplicate(data[,y_name], jitter_only_positive_duplicates)"
"0","        y <- data[,y_name]	# this will make it possible for boxplot(y, data) to work later (since it is not supposed to work with data when it's not a formula, but now it does :))"
"0","      }		"
"0","    } else {	# there is no ""data""		 "
"0","      if(is.formula(y)) { # if(exists(""y"") && is.formula(y)) {		# F && NULL # F & NULL"
"0","        temp_y <- model.frame(y)[,1]"
"0","        temp_y  <- jitter.duplicate(temp_y, jitter_only_positive_duplicates)	# notice that the default of the function is to work only with positive values..."
"0","        temp_y_name <- names(model.frame(y))[1]	# we must extract the ""names"" before introducing a new enbironment (or there will be an error)"
"0","        environment(y) <- new.env()"
"0","        assign(temp_y_name, temp_y, environment(y))"
"0","        # Credit and thanks for doing this goes to Niels Richard Hansen (2 Jan 30, 2011)"
"0","        # http://r.789695.n4.nabble.com/environment-question-changing-variables-from-a-formula-through-model-frame-td3246608.html"
"0","        # warning(""Your original variable (in the global environemnt) was just jittered."")	# maybe I should add a user input before doing this...."
"0","        # the_txt <- paste(names(model_frame_y)[1], ""temp_y"", sep = ""<<-"")"
"0","        # eval(parse(text = the_txt))	# jutter out y var so to be able to handle identical values."
"0","      } else {"
"0","        y <- jitter.duplicate(y, jitter_only_positive_duplicates)"
"0","      }		"
"0","    }"
"0","  }"
"0","  # the_txt <- paste(""print("",names(model_frame_y)[1], "")"")"
"0","  # eval(parse(text = the_txt))	# jutter out y var so to be able to handle identical values."
"0","  # print(ls())"
"0","  "
"0","  "
"0","  # y should be a formula of the type: y~x, y~a*b"
"0","  # or it could be simply y"
"0","  if(missing(data)) {"
"0","    boxdata <- boxplot(y, plot = plot,range = range ,...)"
"0","  } else {"
"0","    boxdata <- boxplot(y, plot = plot,data = data, range = range ,...)"
"0","  }"
"0","  if(length(boxdata$names) == 1 && boxdata$names =="""") boxdata$names <- 1	# this is for cases of type: boxplot(y) (when there is no dependent group)"
"0","  if(length(boxdata$out) == 0 ) {"
"0","    warning(""No outliers detected for this boxplot"")"
"0","    return(invisible())"
"0","  }"
"0","  "
"0","  if(!missing(data)) attach(data)	# this might lead to problams I should check out for alternatives for using attach here..."
"0","  "
"0","  "
"0","  # creating a data.frame with information from the boxplot output about the outliers (location and group)"
"0","  boxdata_group_name <- factor(boxdata$group)"
"0","  levels(boxdata_group_name) <- boxdata$names[as.numeric(levels(boxdata_group_name))]	# the subseting is for cases where we have some sub groups with no outliers"
"0","  if(!is.null(list(...)$at))	{	# if the user chose to use the ""at"" parameter, then we would like the function to still function (added on 19.04.2011)"
"0","    boxdata$group <- list(...)$at[boxdata$group]		"
"0","  }"
"0","  boxdata_outlier_df <- data.frame(group = boxdata_group_name, y = boxdata$out, x = boxdata$group)"
"0","  "
"0","  "
"0","  # Let's extract the x,y variables from the formula:"
"0","  if(is.formula(y))"
"0","  {"
"0","    model_frame_y <- model.frame(y)"
"0","    # old solution: (which caused problems if we used the names parameter when using a 2 way formula... (since the order of the names is different then the levels order we get from using factor)"
"0","    # y <- model_frame_y[,1]"
"0","    # x <- model_frame_y[,-1]"
"0","    "
"0","    y <- model_frame_y[,1]"
"0","    x <- model_frame_y[,-1]"
"0","    if(!is.null(dim(x))) {	# then x is a matrix/data.frame of the type x1*x2*..and so on - and we should merge all the variations..."
"0","      x <- apply(x,1, paste, collapse = ""."")"
"0","    }"
"0","  } else {"
"0","    # if(missing(x)) x <- rep(1, length(y))"
"0","    x <- rep(1, length(y))	# we do this in case y comes as a vector and without x"
"0","  }	"
"0","  "
"0","  # and put all the variables (x, y, and outlier label name) into one data.frame"
"0","  DATA <- data.frame(label_name, x ,y)"
"0","  "
"0","  if(!is.null(list(...)$names))	{	# if the user chose to use the names parameter, then we would like the function to still function (added on 19.04.2011)"
"0","    DATA$x <- factor(DATA$x, levels = unique(DATA$x))"
"0","    levels(DATA$x) = list(...)$names	# enable us to handle when the user adds the ""names"" parameter # fixed on 19.04.11	# notice that DATA$x must be of the ""correct"" order (that's why I used split above"
"0","    # warning(""Careful, the use of the 'names' parameter is experimental.  If you notice any errors please e-mail me at: tal.galili@gmail.com"")"
"0","  }"
"0","  "
"0","  if(!missing(data)) detach(data)	# we don't need to have ""data"" attached anymore."
"0","  "
"0","  # let's only keep the rows with our outliers "
"0","  boxplot.outlier.data <- function(xx, y_name = ""y"")"
"0","  {"
"0","    y <- xx[,y_name]"
"0","    boxplot_range <- range(boxplot.stats(y, coef = range )$stats)"
"0","    ss <- (y < boxplot_range[1]) | (y > boxplot_range[2])"
"0","    return(xx[ss,])	"
"0","  }"
"0","  outlier_df <-ddply(DATA, .(x), boxplot.outlier.data)"
"0","  "
"0","  "
"0","  # create propor x/y locations to handle over-laping dots..."
"0","  if(spread_text) {"
"0","    # credit: Greg Snow"
"0","    require(TeachingDemos)		"
"0","    temp_x <- boxdata_outlier_df[,""x""]"
"0","    temp_y1 <- boxdata_outlier_df[,""y""]"
"0","    temp_y2 <- temp_y1"
"0","    for(i in unique(temp_x))"
"0","    {"
"0","      tmp <- temp_x == i"
"0","      temp_y2[ tmp ] <- spread.labs( temp_y2[ tmp ], 1.3*strheight('A'), maxiter=6000, stepsize = 0.05) #, min=0 )"
"0","    }"
"0","    "
"0","  }"
"0","  "
"0","  "
"0","  "
"0","  # max(strwidth(c(""asa"", ""a""))"
"0","  # move_text_right <- max(strwidth(outlier_df[,""label_name""]))	"
"0","  "
"0","  # plotting the outlier labels :)  (I wish there was a non-loop wise way for doing this)"
"0","  for(i in seq_len(dim(boxdata_outlier_df)[1]))"
"0","  {"
"0","    # ss <- (outlier_df[,""x""]  %in% boxdata_outlier_df[i,]$group) & (outlier_df[,""y""] %in% boxdata_outlier_df[i,]$y)"
"0","    "
"0","    # if(jitter_if_duplicate) {"
"0","    # ss <- (outlier_df[,""x""]  %in% boxdata_outlier_df[i,]$group) & closest.number(outlier_df[,""y""]  boxdata_outlier_df[i,]$y)"
"0","    # } else {"
"0","    ss <- (outlier_df[,""x""]  %in% boxdata_outlier_df[i,]$group) & (outlier_df[,""y""] %in% boxdata_outlier_df[i,]$y)"
"0","    # }"
"0","    "
"0","    current_label <- outlier_df[ss,""label_name""]"
"0","    temp_x <- boxdata_outlier_df[i,""x""]"
"0","    temp_y <- boxdata_outlier_df[i,""y""]		"
"0","    # cbind(boxdata_outlier_df,		temp_y2)"
"0","    # outlier_df"
"0","    "
"0","    "
"0","    "
"0","    if(spread_text) {"
"0","      temp_y_new <- temp_y2[i] # not ss			"
"0","      move_text_right <- strwidth(current_label) * push_text_right"
"0","      text( temp_x+move_text_right, temp_y_new, current_label, col = label.col)			"
"0","      # strwidth"
"0","      segments( temp_x+(move_text_right/6), temp_y, temp_x+(move_text_right*segement_width_as_percent_of_label_dist), temp_y_new )"
"0","    } else {"
"0","      text(temp_x, temp_y, current_label, pos = 4, col = label.col)"
"0","    }		"
"0","  }"
"0","  "
"0","  # outputing some of the information we collected"
"0","  invisible(list(boxdata = boxdata, boxdata_outlier_df = boxdata_outlier_df, outlier_df=outlier_df))"
"0","}"
