"0","dataThomas_path <- ""Saithe_Thomas.csv"""
"0","dataThomas <- read.csv(dataThomas_path, header = T, sep = "","", dec  = ""."")"
"0","## general table (mean, sd)"
"0","listThomasSaithe <- split(dataThomas, dataThomas$Catch)"
"0","  "
"0","tableThomasSaithe <- matrix(ncol = 10)"
"0","  "
"0","for (i in 1: length(listThomasSaithe)) {"
"0","    "
"0","  tempData <- listThomasSaithe[[i]]"
"0","    "
"0","  nbOtolith <- nrow(tempData)"
"0","  minC <- min(tempData$d13C, na.rm = T)"
"0","  maxC <- max(tempData$d13C, na.rm = T)"
"0","  "
"0","  minN <- min(tempData$d15N, na.rm = T)"
"0","  maxN <- max(tempData$d15N, na.rm = T)"
"0","  "
"0","  meanC <- mean(tempData$d13C, na.rm = T)"
"0","  meanN <- mean(tempData$d15N, na.rm = T)"
"0","    "
"0","  sdC <- sd(tempData$d13C, na.rm = T)"
"0","  sdN <- sd(tempData$d15N, na.rm = T)"
"0","    "
"0","  toAdd <- c(names(listThomasSaithe)[i], nbOtolith, minC, maxC, meanC, sdC, minN, maxN, meanN, sdN)"
"0","  "
"0","  tableThomasSaithe <- rbind(tableThomasSaithe, toAdd)"
"0","}"
"0","  "
"0","tableThomasSaithe <- tableThomasSaithe[-1,]"
"0","  "
"0","tableThomasSaithe <- sapply(1: ncol(tableThomasSaithe), function(x) {"
"0","  as.numeric(as.character(tableThomasSaithe[,x]))"
"0","})"
"0","  "
"0","rownames(tableThomasSaithe) <- 1:nrow(tableThomasSaithe)"
"0","species <- ""Saithe"""
"0","tableThomasSaithe <- cbind(species, tableThomasSaithe)"
"0","  "
"0","colnames(tableThomasSaithe) <- c(""species"", ""year"", ""nbOtolith"", ""minC"", ""maxC"", ""meanC"", ""sdC"", ""minN"", ""maxN"", ""meanN"", ""sdN"") "
"0","tableThomasSaithe <- as.data.frame(tableThomasSaithe)  "
"0","DT::datatable(tableThomasSaithe)"
