"0","dataJens_path <- ""Cod_fromJens.csv"""
"0","dataJens <- read.csv(dataJens_path, header = T, sep = "","", dec  = ""."")"
"0","## general table (mean, sd)"
"0","listJensCod <- split(dataJens, dataJens$year)"
"0","  "
"0","tableCod <- matrix(ncol = 10)"
"0","  "
"0","for (i in 1: length(listJensCod)) {"
"0","    "
"0","  tempData <- listJensCod[[i]]"
"0","    "
"0","  nbOtolith <- nrow(tempData)"
"0","  minC <- min(tempData$d13C, na.rm = T)"
"0","  maxC <- max(tempData$d13C, na.rm = T)"
"0","  "
"0","  minN <- min(tempData$d15N, na.rm = T)"
"0","  maxN <- max(tempData$d15N, na.rm = T)"
"0","  "
"0","  meanC <- mean(tempData$d13C, na.rm = T)"
"0","  meanN <- mean(tempData$d15N, na.rm = T)"
"0","    "
"0","  sdC <- sd(tempData$d13C, na.rm = T)"
"0","  sdN <- sd(tempData$d15N, na.rm = T)"
"0","    "
"0","  toAdd <- c(names(listJensCod)[i], nbOtolith, minC, maxC, meanC, sdC, minN, maxN, meanN, sdN)"
"0","  "
"0","  tableCod <- rbind(tableCod, toAdd)"
"0","}"
"0","  "
"0","tableCod <- tableCod[-1,]"
"0","  "
"0","tableCod <- sapply(1: ncol(tableCod), function(x) {"
"0","  as.numeric(as.character(tableCod[,x]))"
"0","})"
"0","  "
"0","rownames(tableCod) <- 1:nrow(tableCod)"
"0","species <- ""Cod"""
"0","tableCod <- cbind(species, tableCod)"
"0","  "
"0","colnames(tableCod) <- c(""species"", ""year"", ""nbOtolith"", ""minC"", ""maxC"", ""meanC"", ""sdC"", ""minN"", ""maxN"", ""meanN"", ""sdN"")"
"0","  "
"0","tableCod <- as.data.frame(tableCod)  "
"0","DT::datatable(tableCod)"
