{"chunk_definitions":[{"chunk_id":"c8f9u1hdr2phe","chunk_label":"unnamed-chunk-1","document_id":"6113D27D","expansion_state":0,"options":{"cache":false,"engine":"r","include":false,"label":"unnamed-chunk-17"},"row":211,"row_count":1,"visible":true},{"chunk_id":"c1cygbem44cb5","chunk_label":"unnamed-chunk-2","document_id":"6113D27D","expansion_state":0,"options":{},"row":219,"row_count":1,"visible":true},{"chunk_id":"cdlashicn0yv7","chunk_label":"unnamed-chunk-3","document_id":"6113D27D","expansion_state":0,"options":{"engine":"r","label":"unnamed-chunk-19"},"row":274,"row_count":1,"visible":true},{"chunk_id":"c2hrmbd4aeunl","chunk_label":"unnamed-chunk-4","document_id":"6113D27D","expansion_state":0,"options":{"engine":"r","label":"unnamed-chunk-20"},"row":329,"row_count":1,"visible":true},{"chunk_id":"cbc6h0i9y2eoe","chunk_label":"unnamed-chunk-5","document_id":"6113D27D","expansion_state":0,"options":{"engine":"r","label":"unnamed-chunk-21"},"row":338,"row_count":1,"visible":true},{"chunk_id":"c4bdtmoltr32c","chunk_label":"unnamed-chunk-6","document_id":"6113D27D","expansion_state":0,"options":{"engine":"r","label":"unnamed-chunk-22"},"row":387,"row_count":1,"visible":true},{"chunk_id":"cprbvpbqegjnj","chunk_label":"unnamed-chunk-7","document_id":"6113D27D","expansion_state":0,"options":{"cache":false,"engine":"r","label":"unnamed-chunk-23","message":false,"warning":false},"row":401,"row_count":1,"visible":true},{"chunk_id":"clxins24dtzrw","chunk_label":"unnamed-chunk-8","document_id":"6113D27D","expansion_state":0,"options":{"engine":"r","label":"unnamed-chunk-24"},"row":450,"row_count":1,"visible":true},{"chunk_id":"c6g951pom3vl7","chunk_label":"unnamed-chunk-9","document_id":"6113D27D","expansion_state":0,"options":{"cache":false,"engine":"r","label":"unnamed-chunk-25","message":false,"warning":false},"row":465,"row_count":1,"visible":true},{"chunk_id":"cxlqsqrwn5ke9","chunk_label":"unnamed-chunk-10","document_id":"6113D27D","expansion_state":0,"options":{"engine":"r","label":"unnamed-chunk-26"},"row":472,"row_count":1,"visible":true},{"chunk_id":"ccmc7x06y7m6e","chunk_label":"unnamed-chunk-11","document_id":"6113D27D","expansion_state":0,"options":{"engine":"r","label":"unnamed-chunk-29"},"row":489,"row_count":1,"visible":true}],"doc_write_time":1521209095}